{"epoch": 19, "train_loss": 0.0073552923277020454, "val_loss": 0.00802323967218399, "sc_abs_error": 620.8299454200544, "s1_abs_error": 668.9468204900949, "fh1_abs_error": 605.8946219647519, "fh2_abs_error": 586.3598094008559, "sc_best": 504.55790802140973, "s1_best": 621.41346698122, "fh1_best": 487.11364480624485, "fh2_best": 396.5254449310305, "Avg Precision @[ IoU=0.50:0.95 | area=   all | maxDets=20 ]": 0.0, "Avg Precision @[ IoU=0.50      | area=   all | maxDets=20 ]": 0.0, "Avg Precision @[ IoU=0.75      | area=   all | maxDets=20 ]": 0.0, "Avg Precision @[ IoU=0.50:0.95 | area= large | maxDets=20 ]": 0.0, "Avg Recall @[ IoU=0.50:0.95 | area=   all | maxDets= 20 ]": 0.0, "Avg Recall @[ IoU=0.50 | area= all | maxDets= 20 ]": 0.0, "Avg Recall @[ IoU=0.75 | area= all | maxDets= 20 ]": 0.0, "Avg Recall @[ IoU=0.50:0.95 | area= large | maxDets= 20 ]": 0.0, "_timestamp": 1701156424.6444647, "_runtime": 299.31687784194946, "_step": 19, "_wandb": {"runtime": 298}}