{"epoch": 19, "train_loss": 0.0016887581441551447, "val_loss": 0.0023871862795203924, "sc_abs_error": 6.160192105063929, "s1_abs_error": 8.89880582167274, "fh1_abs_error": 11.030388161129297, "fh2_abs_error": 13.514751483415923, "sc_best": 6.160192105063929, "s1_best": 8.526963360450019, "fh1_best": 8.718828702187913, "fh2_best": 11.015664149163952, "Avg Precision @[ IoU=0.50:0.95 | area=   all | maxDets=20 ]": 0.9577336606866248, "Avg Precision @[ IoU=0.50      | area=   all | maxDets=20 ]": 1.0, "Avg Precision @[ IoU=0.75      | area=   all | maxDets=20 ]": 0.9900990099009901, "Avg Precision @[ IoU=0.50:0.95 | area= large | maxDets=20 ]": 0.9577336606866248, "Avg Recall @[ IoU=0.50:0.95 | area=   all | maxDets= 20 ]": 0.9650000000000001, "Avg Recall @[ IoU=0.50 | area= all | maxDets= 20 ]": 1.0, "Avg Recall @[ IoU=0.75 | area= all | maxDets= 20 ]": 0.99, "Avg Recall @[ IoU=0.50:0.95 | area= large | maxDets= 20 ]": 0.9650000000000001, "_timestamp": 1701157195.2578614, "_runtime": 299.33354926109314, "_step": 19, "_wandb": {"runtime": 298}}