{"epoch": 19, "train_loss": 0.0055939024314284325, "val_loss": 0.006117517594248056, "sc_abs_error": 611.8085912681175, "s1_abs_error": 652.4374359631822, "fh1_abs_error": 570.3199889828063, "fh2_abs_error": 631.2339779390029, "sc_best": 610.6213231848492, "s1_best": 610.9536871577143, "fh1_best": 564.2884778434204, "fh2_best": 571.6262213493209, "Avg Precision @[ IoU=0.50:0.95 | area=   all | maxDets=20 ]": 0.0, "Avg Precision @[ IoU=0.50      | area=   all | maxDets=20 ]": 0.0, "Avg Precision @[ IoU=0.75      | area=   all | maxDets=20 ]": 0.0, "Avg Precision @[ IoU=0.50:0.95 | area= large | maxDets=20 ]": 0.0, "Avg Recall @[ IoU=0.50:0.95 | area=   all | maxDets= 20 ]": 0.0, "Avg Recall @[ IoU=0.50 | area= all | maxDets= 20 ]": 0.0, "Avg Recall @[ IoU=0.75 | area= all | maxDets= 20 ]": 0.0, "Avg Recall @[ IoU=0.50:0.95 | area= large | maxDets= 20 ]": 0.0, "_timestamp": 1701156821.7190495, "_runtime": 298.20185136795044, "_step": 19, "_wandb": {"runtime": 297}}